Phylum,Relative,Type,Depth,Trans
Acidobacteria,0,CIL_PA,CIL,0
Acidobacteria,0,CIL_PA,CIL,0
Acidobacteria,0,CIL_PA,CIL,0
Acidobacteria,0,CIL_PA,CIL,0
Acidobacteria,0.002998726,CIL_PA,CIL,0.054760625
Acidobacteria,0,CIL_PA,CIL,0
Acidobacteria,0.004498088,CIL_PA,CIL,0.067067787
Acidobacteria,0.02174076,CIL_PA,CIL,0.147447482
Acidobacteria,0.000749681,CIL_PA,CIL,0.027380303
Acidobacteria,0.037484069,CIL_FL,CIL,0.193608029
Acidobacteria,0,CIL_FL,CIL,0
Acidobacteria,0,CIL_FL,CIL,0
Acidobacteria,0,CIL_FL,CIL,0
Acidobacteria,0,CIL_FL,CIL,0
Acidobacteria,0.006747132,CIL_FL,CIL,0.082140928
Acidobacteria,0,CIL_FL,CIL,0
Acidobacteria,0,CIL_FL,CIL,0
Acidobacteria,0,CIL_FL,CIL,0
Acidobacteria,0,Sur_PA,Surface,0
Acidobacteria,0,Sur_PA,Surface,0
Acidobacteria,0,Sur_PA,Surface,0
Acidobacteria,0,Sur_PA,Surface,0
Acidobacteria,0.00524777,Sur_PA,Surface,0.072441494
Acidobacteria,0,Sur_PA,Surface,0
Acidobacteria,0,Sur_PA,Surface,0
Acidobacteria,0,Sur_PA,Surface,0
Acidobacteria,0.046480246,Sur_PA,Surface,0.215592778
Acidobacteria,0.020241397,Sur_FL,Surface,0.142272264
Acidobacteria,0,Sur_FL,Surface,0
Acidobacteria,0,Sur_FL,Surface,0
Acidobacteria,0,Sur_FL,Surface,0
Acidobacteria,0,Sur_FL,Surface,0
Acidobacteria,0,Sur_FL,Surface,0
Acidobacteria,0,Sur_FL,Surface,0
Acidobacteria,0,Sur_FL,Surface,0
Acidobacteria,0,Sur_FL,Surface,0
Actinobacteria,4.504085764,CIL_PA,CIL,2.122283149
Actinobacteria,2.26178874,CIL_PA,CIL,1.503924446
Actinobacteria,1.689032161,CIL_PA,CIL,1.299627701
Actinobacteria,1.993402804,CIL_PA,CIL,1.411879175
Actinobacteria,1.755753805,CIL_PA,CIL,1.325048605
Actinobacteria,1.521853212,CIL_PA,CIL,1.233634148
Actinobacteria,2.139590674,CIL_PA,CIL,1.462733972
Actinobacteria,2.009146113,CIL_PA,CIL,1.417443513
Actinobacteria,2.595396956,CIL_PA,CIL,1.611023574
Actinobacteria,4.280680711,CIL_FL,CIL,2.068980597
Actinobacteria,2.19131869,CIL_FL,CIL,1.480310336
Actinobacteria,1.870455057,CIL_FL,CIL,1.367645808
Actinobacteria,2.157583027,CIL_FL,CIL,1.468871345
Actinobacteria,1.856960792,CIL_FL,CIL,1.362703486
Actinobacteria,2.411725017,CIL_FL,CIL,1.552972961
Actinobacteria,2.069120624,CIL_FL,CIL,1.43844382
Actinobacteria,2.084863933,CIL_FL,CIL,1.443905791
Actinobacteria,3.522003149,CIL_FL,CIL,1.876700069
Actinobacteria,1.369667891,Sur_PA,Surface,1.170328113
Actinobacteria,1.988904715,Sur_PA,Surface,1.410285331
Actinobacteria,1.278206762,Sur_PA,Surface,1.130578065
Actinobacteria,3.530249644,Sur_PA,Surface,1.878895858
Actinobacteria,2.791813479,Sur_PA,Surface,1.670872071
Actinobacteria,4.243196641,Sur_PA,Surface,2.059902095
Actinobacteria,2.679361271,Sur_PA,Surface,1.63687546
Actinobacteria,3.516005698,Sur_PA,Surface,1.875101517
Actinobacteria,4.088012595,Sur_PA,Surface,2.021883428
Actinobacteria,5.528900217,Sur_FL,Surface,2.351361354
Actinobacteria,4.667516306,Sur_FL,Surface,2.160443544
Actinobacteria,13.29110128,Sur_FL,Surface,3.645696268
Actinobacteria,8.235250019,Sur_FL,Surface,2.869712532
Actinobacteria,6.056675913,Sur_FL,Surface,2.461031473
Actinobacteria,4.425369218,Sur_FL,Surface,2.103656155
Actinobacteria,2.214558813,Sur_FL,Surface,1.48813938
Actinobacteria,6.182622385,Sur_FL,Surface,2.486487962
Actinobacteria,8.548616838,Sur_FL,Surface,2.923801778
BD1-5,0.001499363,CIL_PA,CIL,0.038721609
BD1-5,0.017242672,CIL_PA,CIL,0.131311355
BD1-5,0.007496814,CIL_PA,CIL,0.086584144
BD1-5,0.035984706,CIL_PA,CIL,0.189696352
BD1-5,0.002998726,CIL_PA,CIL,0.054760625
BD1-5,0.080215908,CIL_PA,CIL,0.28322413
BD1-5,0.036734388,CIL_PA,CIL,0.191662172
BD1-5,0.009745858,CIL_PA,CIL,0.098721112
BD1-5,0.025489167,CIL_PA,CIL,0.159653271
BD1-5,0.050978334,CIL_FL,CIL,0.225783821
BD1-5,0.00524777,CIL_FL,CIL,0.072441494
BD1-5,0.002998726,CIL_FL,CIL,0.054760625
BD1-5,0.001499363,CIL_FL,CIL,0.038721609
BD1-5,0.014993628,CIL_FL,CIL,0.122448471
BD1-5,0.083964315,CIL_FL,CIL,0.289765966
BD1-5,0.003748407,CIL_FL,CIL,0.061224235
BD1-5,0.017992353,CIL_FL,CIL,0.134135577
BD1-5,0.051728016,CIL_FL,CIL,0.227437939
BD1-5,0,Sur_PA,Surface,0
BD1-5,0,Sur_PA,Surface,0
BD1-5,0,Sur_PA,Surface,0
BD1-5,0,Sur_PA,Surface,0
BD1-5,0.011994902,Sur_PA,Surface,0.10952124
BD1-5,0,Sur_PA,Surface,0
BD1-5,0,Sur_PA,Surface,0
BD1-5,0.024739486,Sur_PA,Surface,0.157287908
BD1-5,0.005997451,Sur_PA,Surface,0.077443211
BD1-5,0,Sur_FL,Surface,0
BD1-5,0,Sur_FL,Surface,0
BD1-5,0,Sur_FL,Surface,0
BD1-5,0.001499363,Sur_FL,Surface,0.038721609
BD1-5,0.000749681,Sur_FL,Surface,0.027380303
BD1-5,0,Sur_FL,Surface,0
BD1-5,0.005997451,Sur_FL,Surface,0.077443211
BD1-5,0.002249044,Sur_FL,Surface,0.047424087
BD1-5,0,Sur_FL,Surface,0
Unclassified_Bacteria,0.078716545,CIL_PA,CIL,0.28056469
Unclassified_Bacteria,1.610315616,CIL_PA,CIL,1.268982118
Unclassified_Bacteria,0.801409401,CIL_PA,CIL,0.895214723
Unclassified_Bacteria,1.621560837,CIL_PA,CIL,1.273405213
Unclassified_Bacteria,2.052627633,CIL_PA,CIL,1.432699422
Unclassified_Bacteria,0.354599295,CIL_PA,CIL,0.595482405
Unclassified_Bacteria,1.513606717,CIL_PA,CIL,1.23028725
Unclassified_Bacteria,0.766174376,CIL_PA,CIL,0.875313873
Unclassified_Bacteria,0.477547043,CIL_PA,CIL,0.691047786
Unclassified_Bacteria,0.613239373,CIL_FL,CIL,0.783096018
Unclassified_Bacteria,0.030736937,CIL_FL,CIL,0.175319528
Unclassified_Bacteria,0.121448384,CIL_FL,CIL,0.348494453
Unclassified_Bacteria,0.040482795,CIL_FL,CIL,0.201203367
Unclassified_Bacteria,0.144688507,CIL_FL,CIL,0.380379425
Unclassified_Bacteria,0.981332934,CIL_FL,CIL,0.990622498
Unclassified_Bacteria,0.419821576,CIL_FL,CIL,0.647936398
Unclassified_Bacteria,0.083214634,CIL_FL,CIL,0.288469468
Unclassified_Bacteria,0.212159832,CIL_FL,CIL,0.460608111
Unclassified_Bacteria,0.018742035,Sur_PA,Surface,0.136901552
Unclassified_Bacteria,0.575755304,Sur_PA,Surface,0.758785414
Unclassified_Bacteria,0.727940625,Sur_PA,Surface,0.853194365
Unclassified_Bacteria,0.314866182,Sur_PA,Surface,0.561129381
Unclassified_Bacteria,4.087262913,Sur_PA,Surface,2.021698027
Unclassified_Bacteria,6.851338181,Sur_PA,Surface,2.6175061
Unclassified_Bacteria,0.218906965,Sur_PA,Surface,0.467874946
Unclassified_Bacteria,2.644126246,Sur_PA,Surface,1.62607695
Unclassified_Bacteria,2.173326336,Sur_PA,Surface,1.474220586
Unclassified_Bacteria,0.977584527,Sur_FL,Surface,0.988728743
Unclassified_Bacteria,0.032985981,Sur_FL,Surface,0.181620431
Unclassified_Bacteria,0.022490442,Sur_FL,Surface,0.149968137
Unclassified_Bacteria,0.062223555,Sur_FL,Surface,0.249446497
Unclassified_Bacteria,0.126696154,Sur_FL,Surface,0.355944032
Unclassified_Bacteria,0.020241397,Sur_FL,Surface,0.142272264
Unclassified_Bacteria,0.098208261,Sur_FL,Surface,0.313381973
Unclassified_Bacteria,0.079466227,Sur_FL,Surface,0.281897547
Unclassified_Bacteria,0.033735662,Sur_FL,Surface,0.183672703
Bacteroidetes,10.44081265,CIL_PA,CIL,3.231224636
Bacteroidetes,18.22625384,CIL_PA,CIL,4.26922169
Bacteroidetes,32.57290651,CIL_PA,CIL,5.707267867
Bacteroidetes,21.32243796,CIL_PA,CIL,4.617622544
Bacteroidetes,19.26381288,CIL_PA,CIL,4.389056035
Bacteroidetes,12.54816703,CIL_PA,CIL,3.542339203
Bacteroidetes,12.84429118,CIL_PA,CIL,3.583893299
Bacteroidetes,16.09640903,CIL_PA,CIL,4.01203303
Bacteroidetes,12.46270335,CIL_PA,CIL,3.530255423
Bacteroidetes,16.63018217,CIL_FL,CIL,4.078012037
Bacteroidetes,21.48137042,CIL_FL,CIL,4.634799933
Bacteroidetes,20.61398905,CIL_FL,CIL,4.540263104
Bacteroidetes,17.72696604,CIL_FL,CIL,4.210340371
Bacteroidetes,20.65597121,CIL_FL,CIL,4.54488407
Bacteroidetes,17.05525152,CIL_FL,CIL,4.129800421
Bacteroidetes,31.36966789,CIL_FL,CIL,5.600863138
Bacteroidetes,13.12092361,CIL_FL,CIL,3.622281548
Bacteroidetes,17.28765275,CIL_FL,CIL,4.157842319
Bacteroidetes,13.94332409,Sur_PA,Surface,3.734076069
Bacteroidetes,37.82667366,Sur_PA,Surface,6.150339313
Bacteroidetes,31.08029088,Sur_PA,Surface,5.574970034
Bacteroidetes,29.25556638,Sur_PA,Surface,5.408841501
Bacteroidetes,40.38008846,Sur_PA,Surface,6.354532907
Bacteroidetes,19.65139816,Sur_PA,Surface,4.432989754
Bacteroidetes,26.31606567,Sur_PA,Surface,5.129918681
Bacteroidetes,38.94519829,Sur_PA,Surface,6.240608808
Bacteroidetes,25.00712197,Sur_PA,Surface,5.000712146
Bacteroidetes,29.39725617,Sur_FL,Surface,5.42192366
Bacteroidetes,11.47612265,Sur_FL,Surface,3.387642639
Bacteroidetes,13.81287953,Sur_FL,Surface,3.716568246
Bacteroidetes,24.79946023,Sur_FL,Surface,4.979905645
Bacteroidetes,16.36029687,Sur_FL,Surface,4.044786381
Bacteroidetes,32.65687083,Sur_FL,Surface,5.714619045
Bacteroidetes,17.38361196,Sur_FL,Surface,4.169365894
Bacteroidetes,25.62261039,Sur_FL,Surface,5.061878148
Bacteroidetes,23.64944898,Sur_FL,Surface,4.863069913
Candidate_division_BRC1,0.003748407,CIL_PA,CIL,0.061224235
Candidate_division_BRC1,0.003748407,CIL_PA,CIL,0.061224235
Candidate_division_BRC1,0.000749681,CIL_PA,CIL,0.027380303
Candidate_division_BRC1,0.000749681,CIL_PA,CIL,0.027380303
Candidate_division_BRC1,0.053227378,CIL_PA,CIL,0.230710594
Candidate_division_BRC1,0.082464952,CIL_PA,CIL,0.287167115
Candidate_division_BRC1,0.209161107,CIL_PA,CIL,0.457341346
Candidate_division_BRC1,0.107204438,CIL_PA,CIL,0.327420888
Candidate_division_BRC1,0.109453482,CIL_PA,CIL,0.330837546
Candidate_division_BRC1,0.152185321,CIL_FL,CIL,0.390109371
Candidate_division_BRC1,0.000749681,CIL_FL,CIL,0.027380303
Candidate_division_BRC1,0,CIL_FL,CIL,0
Candidate_division_BRC1,0.002998726,CIL_FL,CIL,0.054760625
Candidate_division_BRC1,0.006747132,CIL_FL,CIL,0.082140928
Candidate_division_BRC1,0.02174076,CIL_FL,CIL,0.147447482
Candidate_division_BRC1,0.004498088,CIL_FL,CIL,0.067067787
Candidate_division_BRC1,0,CIL_FL,CIL,0
Candidate_division_BRC1,0.003748407,CIL_FL,CIL,0.061224235
Candidate_division_BRC1,0,Sur_PA,Surface,0
Candidate_division_BRC1,0,Sur_PA,Surface,0
Candidate_division_BRC1,0,Sur_PA,Surface,0
Candidate_division_BRC1,0,Sur_PA,Surface,0
Candidate_division_BRC1,0,Sur_PA,Surface,0
Candidate_division_BRC1,0,Sur_PA,Surface,0
Candidate_division_BRC1,0,Sur_PA,Surface,0
Candidate_division_BRC1,0.047979609,Sur_PA,Surface,0.219042482
Candidate_division_BRC1,0,Sur_PA,Surface,0
Candidate_division_BRC1,0,Sur_FL,Surface,0
Candidate_division_BRC1,0,Sur_FL,Surface,0
Candidate_division_BRC1,0,Sur_FL,Surface,0
Candidate_division_BRC1,0,Sur_FL,Surface,0
Candidate_division_BRC1,0,Sur_FL,Surface,0
Candidate_division_BRC1,0,Sur_FL,Surface,0
Candidate_division_BRC1,0.004498088,Sur_FL,Surface,0.067067787
Candidate_division_BRC1,0,Sur_FL,Surface,0
Candidate_division_BRC1,0,Sur_FL,Surface,0
Candidate_division_OD1,0,CIL_PA,CIL,0
Candidate_division_OD1,0.024739486,CIL_PA,CIL,0.157287908
Candidate_division_OD1,0.063722918,CIL_PA,CIL,0.252433987
Candidate_division_OD1,0.049478971,CIL_PA,CIL,0.22243869
Candidate_division_OD1,0.040482795,CIL_PA,CIL,0.201203367
Candidate_division_OD1,0,CIL_PA,CIL,0
Candidate_division_OD1,0.065222281,CIL_PA,CIL,0.255386533
Candidate_division_OD1,0.014243946,CIL_PA,CIL,0.119348004
Candidate_division_OD1,0.014993628,CIL_PA,CIL,0.122448471
Candidate_division_OD1,0.013494265,CIL_FL,CIL,0.116164818
Candidate_division_OD1,0.009745858,CIL_FL,CIL,0.098721112
Candidate_division_OD1,0.005997451,CIL_FL,CIL,0.077443211
Candidate_division_OD1,0,CIL_FL,CIL,0
Candidate_division_OD1,0.006747132,CIL_FL,CIL,0.082140928
Candidate_division_OD1,0.098208261,CIL_FL,CIL,0.313381973
Candidate_division_OD1,0.023989804,CIL_FL,CIL,0.154886423
Candidate_division_OD1,0.008996177,CIL_FL,CIL,0.094848179
Candidate_division_OD1,0.05397706,CIL_FL,CIL,0.232329637
Candidate_division_OD1,0,Sur_PA,Surface,0
Candidate_division_OD1,0,Sur_PA,Surface,0
Candidate_division_OD1,0.002998726,Sur_PA,Surface,0.054760625
Candidate_division_OD1,0,Sur_PA,Surface,0
Candidate_division_OD1,0,Sur_PA,Surface,0
Candidate_division_OD1,0,Sur_PA,Surface,0
Candidate_division_OD1,0,Sur_PA,Surface,0
Candidate_division_OD1,0.04872929,Sur_PA,Surface,0.220747118
Candidate_division_OD1,0.050228653,Sur_PA,Surface,0.224117498
Candidate_division_OD1,0,Sur_FL,Surface,0
Candidate_division_OD1,0,Sur_FL,Surface,0
Candidate_division_OD1,0,Sur_FL,Surface,0
Candidate_division_OD1,0,Sur_FL,Surface,0
Candidate_division_OD1,0.000749681,Sur_FL,Surface,0.027380303
Candidate_division_OD1,0,Sur_FL,Surface,0
Candidate_division_OD1,0.009745858,Sur_FL,Surface,0.098721112
Candidate_division_OD1,0.002998726,Sur_FL,Surface,0.054760625
Candidate_division_OD1,0.00524777,Sur_FL,Surface,0.072441494
Candidate_division_TM7,0,CIL_PA,CIL,0
Candidate_division_TM7,0.622985231,CIL_PA,CIL,0.789294135
Candidate_division_TM7,0.347102481,CIL_PA,CIL,0.589154038
Candidate_division_TM7,0.612489692,CIL_PA,CIL,0.782617207
Candidate_division_TM7,0.068970687,CIL_PA,CIL,0.262622708
Candidate_division_TM7,0,CIL_PA,CIL,0
Candidate_division_TM7,0.002998726,CIL_PA,CIL,0.054760625
Candidate_division_TM7,0.010495539,CIL_PA,CIL,0.102447738
Candidate_division_TM7,0.128945198,CIL_PA,CIL,0.359089401
Candidate_division_TM7,0.230901867,CIL_FL,CIL,0.480522494
Candidate_division_TM7,0.005997451,CIL_FL,CIL,0.077443211
Candidate_division_TM7,0.014243946,CIL_FL,CIL,0.119348004
Candidate_division_TM7,0,CIL_FL,CIL,0
Candidate_division_TM7,0,CIL_FL,CIL,0
Candidate_division_TM7,0.001499363,CIL_FL,CIL,0.038721609
Candidate_division_TM7,0,CIL_FL,CIL,0
Candidate_division_TM7,0.001499363,CIL_FL,CIL,0.038721609
Candidate_division_TM7,0.00524777,CIL_FL,CIL,0.072441494
Candidate_division_TM7,0,Sur_PA,Surface,0
Candidate_division_TM7,0.003748407,Sur_PA,Surface,0.061224235
Candidate_division_TM7,0.008246495,Sur_PA,Surface,0.090810214
Candidate_division_TM7,0.125196791,Sur_PA,Surface,0.353831586
Candidate_division_TM7,0.017242672,Sur_PA,Surface,0.131311355
Candidate_division_TM7,0.143938826,Sur_PA,Surface,0.379392707
Candidate_division_TM7,0,Sur_PA,Surface,0
Candidate_division_TM7,0.006747132,Sur_PA,Surface,0.082140928
Candidate_division_TM7,0.161181498,Sur_PA,Surface,0.401474156
Candidate_division_TM7,0.5195292,Sur_FL,Surface,0.72078374
Candidate_division_TM7,0,Sur_FL,Surface,0
Candidate_division_TM7,0.010495539,Sur_FL,Surface,0.102447738
Candidate_division_TM7,0,Sur_FL,Surface,0
Candidate_division_TM7,0.003748407,Sur_FL,Surface,0.061224235
Candidate_division_TM7,0,Sur_FL,Surface,0
Candidate_division_TM7,0,Sur_FL,Surface,0
Candidate_division_TM7,0.004498088,Sur_FL,Surface,0.067067787
Candidate_division_TM7,0.011245221,Sur_FL,Surface,0.106043486
Chlamydiae,0.004498088,CIL_PA,CIL,0.067067787
Chlamydiae,0.158932454,CIL_PA,CIL,0.398663334
Chlamydiae,0.137941375,CIL_PA,CIL,0.371404597
Chlamydiae,0.143189145,CIL_PA,CIL,0.378403416
Chlamydiae,0.456555964,CIL_PA,CIL,0.675689251
Chlamydiae,0.431816478,CIL_PA,CIL,0.657127444
Chlamydiae,0.278881475,CIL_PA,CIL,0.528092298
Chlamydiae,0.629732364,CIL_PA,CIL,0.793556781
Chlamydiae,0.835145063,CIL_PA,CIL,0.913862716
Chlamydiae,0.366594197,CIL_FL,CIL,0.605470228
Chlamydiae,0,CIL_FL,CIL,0
Chlamydiae,0.001499363,CIL_FL,CIL,0.038721609
Chlamydiae,0.029237574,CIL_FL,CIL,0.170989982
Chlamydiae,0.071219732,CIL_FL,CIL,0.266870253
Chlamydiae,0.128195517,CIL_FL,CIL,0.358044015
Chlamydiae,0.014243946,CIL_FL,CIL,0.119348004
Chlamydiae,0.069720369,CIL_FL,CIL,0.264046149
Chlamydiae,0.089212085,CIL_FL,CIL,0.298683922
Chlamydiae,0,Sur_PA,Surface,0
Chlamydiae,0.001499363,Sur_PA,Surface,0.038721609
Chlamydiae,0.004498088,Sur_PA,Surface,0.067067787
Chlamydiae,0.058475148,Sur_PA,Surface,0.241816352
Chlamydiae,0.11919934,Sur_PA,Surface,0.345252574
Chlamydiae,0.166429268,Sur_PA,Surface,0.407957434
Chlamydiae,0.02174076,Sur_PA,Surface,0.147447482
Chlamydiae,0.030736937,Sur_PA,Surface,0.175319528
Chlamydiae,1.324687008,Sur_PA,Surface,1.15095048
Chlamydiae,2.365244771,Sur_FL,Surface,1.53793523
Chlamydiae,0,Sur_FL,Surface,0
Chlamydiae,0,Sur_FL,Surface,0
Chlamydiae,0.002249044,Sur_FL,Surface,0.047424087
Chlamydiae,0.004498088,Sur_FL,Surface,0.067067787
Chlamydiae,0,Sur_FL,Surface,0
Chlamydiae,0.046480246,Sur_FL,Surface,0.215592778
Chlamydiae,0.014243946,Sur_FL,Surface,0.119348004
Chlamydiae,0.014993628,Sur_FL,Surface,0.122448471
Chloroflexi,1.213734163,CIL_PA,CIL,1.101696039
Chloroflexi,0.024739486,CIL_PA,CIL,0.157287908
Chloroflexi,0,CIL_PA,CIL,0
Chloroflexi,0.019491716,CIL_PA,CIL,0.139612736
Chloroflexi,0.007496814,CIL_PA,CIL,0.086584144
Chloroflexi,0.017992353,CIL_PA,CIL,0.134135577
Chloroflexi,0.095209536,CIL_PA,CIL,0.308560425
Chloroflexi,0.064472599,CIL_PA,CIL,0.253914551
Chloroflexi,0.020241397,CIL_PA,CIL,0.142272264
Chloroflexi,0.111702526,CIL_FL,CIL,0.334219278
Chloroflexi,0.017242672,CIL_FL,CIL,0.131311355
Chloroflexi,0.085463678,CIL_FL,CIL,0.292341714
Chloroflexi,0.031486618,CIL_FL,CIL,0.17744469
Chloroflexi,0.104205713,CIL_FL,CIL,0.322809097
Chloroflexi,0.922857785,CIL_FL,CIL,0.960654873
Chloroflexi,0.035235025,CIL_FL,CIL,0.187709949
Chloroflexi,0.09745858,CIL_FL,CIL,0.312183568
Chloroflexi,0.275133068,CIL_FL,CIL,0.524531284
Chloroflexi,0.002998726,Sur_PA,Surface,0.054760625
Chloroflexi,0,Sur_PA,Surface,0
Chloroflexi,0,Sur_PA,Surface,0
Chloroflexi,0,Sur_PA,Surface,0
Chloroflexi,0.006747132,Sur_PA,Surface,0.082140928
Chloroflexi,0,Sur_PA,Surface,0
Chloroflexi,0,Sur_PA,Surface,0
Chloroflexi,0.065971962,Sur_PA,Surface,0.256850077
Chloroflexi,0.079466227,Sur_PA,Surface,0.281897547
Chloroflexi,0.023989804,Sur_FL,Surface,0.154886423
Chloroflexi,0,Sur_FL,Surface,0
Chloroflexi,0,Sur_FL,Surface,0
Chloroflexi,0,Sur_FL,Surface,0
Chloroflexi,0,Sur_FL,Surface,0
Chloroflexi,0,Sur_FL,Surface,0
Chloroflexi,0.054726741,Sur_FL,Surface,0.233937472
Chloroflexi,0,Sur_FL,Surface,0
Chloroflexi,0,Sur_FL,Surface,0
Cyanobacteria,0.131194242,CIL_PA,CIL,0.362207457
Cyanobacteria,3.538496139,CIL_PA,CIL,1.881089083
Cyanobacteria,2.836044681,CIL_PA,CIL,1.684056021
Cyanobacteria,3.937326636,CIL_PA,CIL,1.984269799
Cyanobacteria,5.77404603,CIL_PA,CIL,2.402924474
Cyanobacteria,1.401904191,CIL_PA,CIL,1.184020351
Cyanobacteria,0.920608741,CIL_PA,CIL,0.95948358
Cyanobacteria,0.329110128,CIL_PA,CIL,0.573681208
Cyanobacteria,3.276107654,CIL_PA,CIL,1.810002114
Cyanobacteria,3.949321538,CIL_FL,CIL,1.987289998
Cyanobacteria,0.194167479,CIL_FL,CIL,0.440644391
Cyanobacteria,0.533773146,CIL_FL,CIL,0.7305978
Cyanobacteria,0.301371917,CIL_FL,CIL,0.548973512
Cyanobacteria,0.22715346,CIL_FL,CIL,0.47660619
Cyanobacteria,0.309618412,CIL_FL,CIL,0.556433655
Cyanobacteria,0.155933728,CIL_FL,CIL,0.394884449
Cyanobacteria,0.396581453,CIL_FL,CIL,0.629747134
Cyanobacteria,0.729439988,CIL_FL,CIL,0.854072589
Cyanobacteria,12.32701102,Sur_PA,Surface,3.510984338
Cyanobacteria,9.020916111,Sur_PA,Surface,3.003483995
Cyanobacteria,12.9522453,Sur_PA,Surface,3.598922797
Cyanobacteria,11.27070995,Sur_PA,Surface,3.357187804
Cyanobacteria,9.574180973,Sur_PA,Surface,3.094217344
Cyanobacteria,16.3550491,Sur_PA,Surface,4.044137621
Cyanobacteria,13.01147013,Sur_PA,Surface,3.607141546
Cyanobacteria,6.286078417,Sur_PA,Surface,2.5072053
Cyanobacteria,15.99595172,Sur_PA,Surface,3.999493933
Cyanobacteria,16.84609041,Sur_FL,Surface,4.10439891
Cyanobacteria,11.9371767,Sur_FL,Surface,3.455021954
Cyanobacteria,7.367868656,Sur_FL,Surface,2.714381818
Cyanobacteria,7.165454682,Sur_FL,Surface,2.676836693
Cyanobacteria,5.034860184,Sur_FL,Surface,2.243849412
Cyanobacteria,5.959967014,Sur_FL,Surface,2.441304367
Cyanobacteria,0.07571782,Sur_FL,Surface,0.275168712
Cyanobacteria,8.331209236,Sur_FL,Surface,2.886383418
Cyanobacteria,6.6774121,Sur_FL,Surface,2.584068904
Deferribacteres,0.794662269,CIL_PA,CIL,0.891438315
Deferribacteres,0.014243946,CIL_PA,CIL,0.119348004
Deferribacteres,0.002249044,CIL_PA,CIL,0.047424087
Deferribacteres,0.041232476,CIL_PA,CIL,0.203057814
Deferribacteres,0.007496814,CIL_PA,CIL,0.086584144
Deferribacteres,0.002998726,CIL_PA,CIL,0.054760625
Deferribacteres,0.139440738,CIL_PA,CIL,0.373417646
Deferribacteres,0.018742035,CIL_PA,CIL,0.136901552
Deferribacteres,0.018742035,CIL_PA,CIL,0.136901552
Deferribacteres,0.032985981,CIL_FL,CIL,0.181620431
Deferribacteres,0.062973236,CIL_FL,CIL,0.250944687
Deferribacteres,0.335107579,CIL_FL,CIL,0.578884772
Deferribacteres,0.260139441,CIL_FL,CIL,0.510038666
Deferribacteres,0.515780793,CIL_FL,CIL,0.718178803
Deferribacteres,3.611215234,CIL_FL,CIL,1.900319772
Deferribacteres,0.119949022,CIL_FL,CIL,0.346336573
Deferribacteres,0.263887848,CIL_FL,CIL,0.513700154
Deferribacteres,0.716695404,CIL_FL,CIL,0.846578646
Deferribacteres,0.007496814,Sur_PA,Surface,0.086584144
Deferribacteres,0.003748407,Sur_PA,Surface,0.061224235
Deferribacteres,0.074218457,Sur_PA,Surface,0.272430646
Deferribacteres,0.056226104,Sur_PA,Surface,0.237120442
Deferribacteres,0.006747132,Sur_PA,Surface,0.082140928
Deferribacteres,0,Sur_PA,Surface,0
Deferribacteres,0,Sur_PA,Surface,0
Deferribacteres,0.062223555,Sur_PA,Surface,0.249446497
Deferribacteres,0.003748407,Sur_PA,Surface,0.061224235
Deferribacteres,0,Sur_FL,Surface,0
Deferribacteres,0.127445836,Sur_FL,Surface,0.356995569
Deferribacteres,0.531524102,Sur_FL,Surface,0.729056995
Deferribacteres,0.027738211,Sur_FL,Surface,0.166547924
Deferribacteres,0.062973236,Sur_FL,Surface,0.250944687
Deferribacteres,0.013494265,Sur_FL,Surface,0.116164818
Deferribacteres,0.275133068,Sur_FL,Surface,0.524531284
Deferribacteres,0.064472599,Sur_FL,Surface,0.253914551
Deferribacteres,0.030736937,Sur_FL,Surface,0.175319528
Firmicutes,0.018742035,CIL_PA,CIL,0.136901552
Firmicutes,0.15143564,CIL_PA,CIL,0.389147324
Firmicutes,0.177674488,CIL_PA,CIL,0.421514517
Firmicutes,0.158932454,CIL_PA,CIL,0.398663334
Firmicutes,0.098957943,CIL_PA,CIL,0.314575814
Firmicutes,0.09745858,CIL_PA,CIL,0.312183568
Firmicutes,0.160431816,CIL_PA,CIL,0.400539406
Firmicutes,0.101956668,CIL_PA,CIL,0.319306542
Firmicutes,0.289377015,CIL_PA,CIL,0.537937743
Firmicutes,0.100457306,CIL_FL,CIL,0.316950006
Firmicutes,0.018742035,CIL_FL,CIL,0.136901552
Firmicutes,0.029237574,CIL_FL,CIL,0.170989982
Firmicutes,0.002249044,CIL_FL,CIL,0.047424087
Firmicutes,0.011994902,CIL_FL,CIL,0.10952124
Firmicutes,0.007496814,CIL_FL,CIL,0.086584144
Firmicutes,0.010495539,CIL_FL,CIL,0.102447738
Firmicutes,0.039733113,CIL_FL,CIL,0.199331666
Firmicutes,0.003748407,CIL_FL,CIL,0.061224235
Firmicutes,0.000749681,Sur_PA,Surface,0.027380303
Firmicutes,0.094459855,Sur_PA,Surface,0.30734322
Firmicutes,0.027738211,Sur_PA,Surface,0.166547924
Firmicutes,0.041982158,Sur_PA,Surface,0.204895481
Firmicutes,0.041232476,Sur_PA,Surface,0.203057814
Firmicutes,0.163430542,Sur_PA,Surface,0.404265435
Firmicutes,0.080215908,Sur_PA,Surface,0.28322413
Firmicutes,0.163430542,Sur_PA,Surface,0.404265435
Firmicutes,0.1409401,Sur_PA,Surface,0.375419898
Firmicutes,0.055476423,Sur_FL,Surface,0.235534335
Firmicutes,0,Sur_FL,Surface,0
Firmicutes,0.001499363,Sur_FL,Surface,0.038721609
Firmicutes,0,Sur_FL,Surface,0
Firmicutes,0.006747132,Sur_FL,Surface,0.082140928
Firmicutes,0,Sur_FL,Surface,0
Firmicutes,0.001499363,Sur_FL,Surface,0.038721609
Firmicutes,0,Sur_FL,Surface,0
Firmicutes,0,Sur_FL,Surface,0
Fusobacteria,0,CIL_PA,CIL,0
Fusobacteria,0,CIL_PA,CIL,0
Fusobacteria,0.008996177,CIL_PA,CIL,0.094848179
Fusobacteria,0.00524777,CIL_PA,CIL,0.072441494
Fusobacteria,0,CIL_PA,CIL,0
Fusobacteria,0,CIL_PA,CIL,0
Fusobacteria,0.056226104,CIL_PA,CIL,0.237120442
Fusobacteria,0.036734388,CIL_PA,CIL,0.191662172
Fusobacteria,0.006747132,CIL_PA,CIL,0.082140928
Fusobacteria,0.065971962,CIL_FL,CIL,0.256850077
Fusobacteria,0,CIL_FL,CIL,0
Fusobacteria,0.000749681,CIL_FL,CIL,0.027380303
Fusobacteria,0,CIL_FL,CIL,0
Fusobacteria,0,CIL_FL,CIL,0
Fusobacteria,0.00524777,CIL_FL,CIL,0.072441494
Fusobacteria,0.006747132,CIL_FL,CIL,0.082140928
Fusobacteria,0,CIL_FL,CIL,0
Fusobacteria,0.001499363,CIL_FL,CIL,0.038721609
Fusobacteria,0.001499363,Sur_PA,Surface,0.038721609
Fusobacteria,0.065971962,Sur_PA,Surface,0.256850077
Fusobacteria,0.000749681,Sur_PA,Surface,0.027380303
Fusobacteria,0,Sur_PA,Surface,0
Fusobacteria,0.006747132,Sur_PA,Surface,0.082140928
Fusobacteria,0,Sur_PA,Surface,0
Fusobacteria,0,Sur_PA,Surface,0
Fusobacteria,0.094459855,Sur_PA,Surface,0.30734322
Fusobacteria,0.047229927,Sur_PA,Surface,0.217324474
Fusobacteria,0.086963041,Sur_FL,Surface,0.294894966
Fusobacteria,0,Sur_FL,Surface,0
Fusobacteria,0,Sur_FL,Surface,0
Fusobacteria,0.000749681,Sur_FL,Surface,0.027380303
Fusobacteria,0,Sur_FL,Surface,0
Fusobacteria,0,Sur_FL,Surface,0
Fusobacteria,0.002998726,Sur_FL,Surface,0.054760625
Fusobacteria,0.012744584,Sur_FL,Surface,0.112891913
Fusobacteria,0.006747132,Sur_FL,Surface,0.082140928
Gemmatimonadetes,0.074968139,CIL_PA,CIL,0.273803103
Gemmatimonadetes,0.020991079,CIL_PA,CIL,0.144882984
Gemmatimonadetes,0.000749681,CIL_PA,CIL,0.027380303
Gemmatimonadetes,0.015743309,CIL_PA,CIL,0.125472344
Gemmatimonadetes,0.007496814,CIL_PA,CIL,0.086584144
Gemmatimonadetes,0.061473874,CIL_PA,CIL,0.247939255
Gemmatimonadetes,0.144688507,CIL_PA,CIL,0.380379425
Gemmatimonadetes,0.046480246,CIL_PA,CIL,0.215592778
Gemmatimonadetes,0.101956668,CIL_PA,CIL,0.319306542
Gemmatimonadetes,0.219656646,CIL_FL,CIL,0.468675416
Gemmatimonadetes,0,CIL_FL,CIL,0
Gemmatimonadetes,0.007496814,CIL_FL,CIL,0.086584144
Gemmatimonadetes,0,CIL_FL,CIL,0
Gemmatimonadetes,0.011245221,CIL_FL,CIL,0.106043486
Gemmatimonadetes,0.047229927,CIL_FL,CIL,0.217324474
Gemmatimonadetes,0,CIL_FL,CIL,0
Gemmatimonadetes,0.00524777,CIL_FL,CIL,0.072441494
Gemmatimonadetes,0.025489167,CIL_FL,CIL,0.159653271
Gemmatimonadetes,0,Sur_PA,Surface,0
Gemmatimonadetes,0,Sur_PA,Surface,0
Gemmatimonadetes,0.000749681,Sur_PA,Surface,0.027380303
Gemmatimonadetes,0,Sur_PA,Surface,0
Gemmatimonadetes,0.004498088,Sur_PA,Surface,0.067067787
Gemmatimonadetes,0,Sur_PA,Surface,0
Gemmatimonadetes,0,Sur_PA,Surface,0
Gemmatimonadetes,0.008996177,Sur_PA,Surface,0.094848179
Gemmatimonadetes,0.007496814,Sur_PA,Surface,0.086584144
Gemmatimonadetes,0,Sur_FL,Surface,0
Gemmatimonadetes,0,Sur_FL,Surface,0
Gemmatimonadetes,0,Sur_FL,Surface,0
Gemmatimonadetes,0,Sur_FL,Surface,0
Gemmatimonadetes,0,Sur_FL,Surface,0
Gemmatimonadetes,0,Sur_FL,Surface,0
Gemmatimonadetes,0.003748407,Sur_FL,Surface,0.061224235
Gemmatimonadetes,0,Sur_FL,Surface,0
Gemmatimonadetes,0,Sur_FL,Surface,0
Lentisphaerae,0.066721643,CIL_PA,CIL,0.258305329
Lentisphaerae,0.952845041,CIL_PA,CIL,0.976137819
Lentisphaerae,2.667366369,CIL_PA,CIL,1.633207387
Lentisphaerae,0.740685209,CIL_PA,CIL,0.860630704
Lentisphaerae,1.03381063,CIL_PA,CIL,1.016764786
Lentisphaerae,1.027063498,CIL_PA,CIL,1.013441413
Lentisphaerae,1.371916935,CIL_PA,CIL,1.171288579
Lentisphaerae,0.824649524,CIL_PA,CIL,0.908102155
Lentisphaerae,1.34717745,CIL_PA,CIL,1.160679736
Lentisphaerae,1.066796611,CIL_FL,CIL,1.032858466
Lentisphaerae,0.059224829,CIL_FL,CIL,0.243361519
Lentisphaerae,0.012744584,CIL_FL,CIL,0.112891913
Lentisphaerae,0.015743309,CIL_FL,CIL,0.125472344
Lentisphaerae,0.094459855,CIL_FL,CIL,0.30734322
Lentisphaerae,0.226403778,CIL_FL,CIL,0.47581906
Lentisphaerae,0.000749681,CIL_FL,CIL,0.027380303
Lentisphaerae,0.127445836,CIL_FL,CIL,0.356995569
Lentisphaerae,0.188170028,CIL_FL,CIL,0.433785694
Lentisphaerae,0.000749681,Sur_PA,Surface,0.027380303
Lentisphaerae,0,Sur_PA,Surface,0
Lentisphaerae,0.004498088,Sur_PA,Surface,0.067067787
Lentisphaerae,0.000749681,Sur_PA,Surface,0.027380303
Lentisphaerae,0.345603119,Sur_PA,Surface,0.587880191
Lentisphaerae,0.106454757,Sur_PA,Surface,0.326274052
Lentisphaerae,0.020241397,Sur_PA,Surface,0.142272264
Lentisphaerae,0.104955394,Sur_PA,Surface,0.323968199
Lentisphaerae,0.469300547,Sur_PA,Surface,0.685055142
Lentisphaerae,0.305870005,Sur_FL,Surface,0.553055155
Lentisphaerae,0,Sur_FL,Surface,0
Lentisphaerae,0,Sur_FL,Surface,0
Lentisphaerae,0.004498088,Sur_FL,Surface,0.067067787
Lentisphaerae,0.000749681,Sur_FL,Surface,0.027380303
Lentisphaerae,0.000749681,Sur_FL,Surface,0.027380303
Lentisphaerae,0.025489167,Sur_FL,Surface,0.159653271
Lentisphaerae,0.006747132,Sur_FL,Surface,0.082140928
Lentisphaerae,0,Sur_FL,Surface,0
Planctomycetes,5.484669016,CIL_PA,CIL,2.341937022
Planctomycetes,18.60934103,CIL_PA,CIL,4.313854544
Planctomycetes,4.61578829,CIL_PA,CIL,2.14843857
Planctomycetes,15.09183597,CIL_PA,CIL,3.884821228
Planctomycetes,14.04153235,CIL_PA,CIL,3.74720327
Planctomycetes,24.22595397,CIL_PA,CIL,4.921986791
Planctomycetes,35.56638429,CIL_PA,CIL,5.963755888
Planctomycetes,24.21171002,CIL_PA,CIL,4.920539607
Planctomycetes,25.7672989,CIL_PA,CIL,5.076150008
Planctomycetes,23.10293125,CIL_FL,CIL,4.806550868
Planctomycetes,0.245895494,CIL_FL,CIL,0.495878507
Planctomycetes,1.182247545,CIL_FL,CIL,1.087312073
Planctomycetes,0.979083889,CIL_FL,CIL,0.98948668
Planctomycetes,1.638053827,CIL_FL,CIL,1.279864769
Planctomycetes,4.009296049,CIL_FL,CIL,2.002322664
Planctomycetes,0.339605668,CIL_FL,CIL,0.582756954
Planctomycetes,3.477771947,CIL_FL,CIL,1.864878534
Planctomycetes,5.406702152,CIL_FL,CIL,2.325231634
Planctomycetes,0.015743309,Sur_PA,Surface,0.125472344
Planctomycetes,0.249643901,Sur_PA,Surface,0.499643774
Planctomycetes,14.06177375,Sur_PA,Surface,3.749903165
Planctomycetes,31.7640003,Sur_PA,Surface,5.635956024
Planctomycetes,5.974960642,Sur_PA,Surface,2.444373262
Planctomycetes,8.015593373,Sur_PA,Surface,2.831182328
Planctomycetes,15.03261114,Sur_PA,Surface,3.877191141
Planctomycetes,4.650273634,Sur_PA,Surface,2.156449312
Planctomycetes,8.958692556,Sur_PA,Surface,2.993107508
Planctomycetes,6.3310593,Sur_FL,Surface,2.516159633
Planctomycetes,0.103456031,Sur_FL,Surface,0.321645816
Planctomycetes,0.747432341,Sur_FL,Surface,0.864541694
Planctomycetes,0.398830497,Sur_FL,Surface,0.631530282
Planctomycetes,0.549516456,Sur_FL,Surface,0.741293772
Planctomycetes,0.180673214,Sur_FL,Surface,0.425056719
Planctomycetes,1.129020166,Sur_FL,Surface,1.062553606
Planctomycetes,0.637978859,Sur_FL,Surface,0.798735788
Planctomycetes,0.566009446,Sur_FL,Surface,0.752335993
Alphaproteobacteria,34.16597946,CIL_PA,CIL,
Alphaproteobacteria,7.027513307,CIL_PA,CIL,
Alphaproteobacteria,10.82015144,CIL_PA,CIL,
Alphaproteobacteria,7.110727941,CIL_PA,CIL,
Alphaproteobacteria,6.244096259,CIL_PA,CIL,
Alphaproteobacteria,8.19251818,CIL_PA,CIL,
Alphaproteobacteria,6.261338931,CIL_PA,CIL,
Alphaproteobacteria,8.110053227,CIL_PA,CIL,
Alphaproteobacteria,7.210435565,CIL_PA,CIL,
Alphaproteobacteria,7.359622161,CIL_FL,CIL,
Alphaproteobacteria,32.33375815,CIL_FL,CIL,
Alphaproteobacteria,37.58677562,CIL_FL,CIL,
Alphaproteobacteria,36.47874653,CIL_FL,CIL,
Alphaproteobacteria,36.62868281,CIL_FL,CIL,
Alphaproteobacteria,31.50910863,CIL_FL,CIL,
Alphaproteobacteria,45.91948422,CIL_FL,CIL,
Alphaproteobacteria,37.24417123,CIL_FL,CIL,
Alphaproteobacteria,32.97548542,CIL_FL,CIL,
Alphaproteobacteria,55.46217857,Sur_PA,Surface,
Alphaproteobacteria,25.15330984,Sur_PA,Surface,
Alphaproteobacteria,12.92825549,Sur_PA,Surface,
Alphaproteobacteria,7.5755304,Sur_PA,Surface,
Alphaproteobacteria,10.32386236,Sur_PA,Surface,
Alphaproteobacteria,18.71579579,Sur_PA,Surface,
Alphaproteobacteria,9.690381588,Sur_PA,Surface,
Alphaproteobacteria,19.24057276,Sur_PA,Surface,
Alphaproteobacteria,14.92315766,Sur_PA,Surface,
Alphaproteobacteria,12.57590524,Sur_FL,Surface,
Alphaproteobacteria,52.51368169,Sur_FL,Surface,
Alphaproteobacteria,49.08089062,Sur_FL,Surface,
Alphaproteobacteria,39.47822176,Sur_FL,Surface,
Alphaproteobacteria,53.8181273,Sur_FL,Surface,
Alphaproteobacteria,38.0425819,Sur_FL,Surface,
Alphaproteobacteria,35.18554614,Sur_FL,Surface,
Alphaproteobacteria,38.43016718,Sur_FL,Surface,
Alphaproteobacteria,42.98673064,Sur_FL,Surface,
Betaproteobacteria,1.545843017,CIL_PA,CIL,0
Betaproteobacteria,0.551015818,CIL_PA,CIL,0
Betaproteobacteria,0.789414499,CIL_PA,CIL,0.027380303
Betaproteobacteria,0.783417048,CIL_PA,CIL,0
Betaproteobacteria,0.920608741,CIL_PA,CIL,0.139612736
Betaproteobacteria,1.261713772,CIL_PA,CIL,0.175319528
Betaproteobacteria,0.509783342,CIL_PA,CIL,0.106043486
Betaproteobacteria,0.729439988,CIL_PA,CIL,0.061224235
Betaproteobacteria,0.970837394,CIL_PA,CIL,0
Betaproteobacteria,1.051053302,CIL_FL,CIL,0.116164818
Betaproteobacteria,1.132768573,CIL_FL,CIL,0
Betaproteobacteria,1.123772397,CIL_FL,CIL,0
Betaproteobacteria,1.020316366,CIL_FL,CIL,0
Betaproteobacteria,1.587825174,CIL_FL,CIL,0
Betaproteobacteria,1.191993403,CIL_FL,CIL,0
Betaproteobacteria,1.838218757,CIL_FL,CIL,0.047424087
Betaproteobacteria,1.167253917,CIL_FL,CIL,0
Betaproteobacteria,1.667291401,CIL_FL,CIL,0
Betaproteobacteria,1.545093335,Sur_PA,Surface,0
Betaproteobacteria,0.527026014,Sur_PA,Surface,0
Betaproteobacteria,0.305870005,Sur_PA,Surface,0
Betaproteobacteria,0.308119049,Sur_PA,Surface,0
Betaproteobacteria,0.399580178,Sur_PA,Surface,0.343074304
Betaproteobacteria,0.647724717,Sur_PA,Surface,0
Betaproteobacteria,0.206162381,Sur_PA,Surface,0.142272264
Betaproteobacteria,2.287277907,Sur_PA,Surface,0.241816352
Betaproteobacteria,1.105780043,Sur_PA,Surface,0.10952124
Betaproteobacteria,2.345753055,Sur_FL,Surface,0
Betaproteobacteria,1.565334733,Sur_FL,Surface,0
Betaproteobacteria,1.115525901,Sur_FL,Surface,0
Betaproteobacteria,1.018817003,Sur_FL,Surface,0.090810214
Betaproteobacteria,1.259464727,Sur_FL,Surface,0.086584144
Betaproteobacteria,0.979083889,Sur_FL,Surface,0.170989982
Betaproteobacteria,1.277457081,Sur_FL,Surface,0
Betaproteobacteria,1.729514956,Sur_FL,Surface,0.067067787
Betaproteobacteria,2.1103531,Sur_FL,Surface,0
Deltaproteobacteria,5.54089512,CIL_PA,CIL,0
Deltaproteobacteria,4.848939201,CIL_PA,CIL,0
Deltaproteobacteria,2.872779069,CIL_PA,CIL,0.047424087
Deltaproteobacteria,5.303995802,CIL_PA,CIL,0.072441494
Deltaproteobacteria,2.553414799,CIL_PA,CIL,0
Deltaproteobacteria,5.902991229,CIL_PA,CIL,0
Deltaproteobacteria,8.71729515,CIL_PA,CIL,0.090810214
Deltaproteobacteria,11.34942649,CIL_PA,CIL,0.054760625
Deltaproteobacteria,5.707324387,CIL_PA,CIL,0.086584144
Deltaproteobacteria,6.20136442,CIL_FL,CIL,0.10952124
Deltaproteobacteria,0.418322213,CIL_FL,CIL,0.047424087
Deltaproteobacteria,1.43414049,CIL_FL,CIL,0
Deltaproteobacteria,0.86063423,CIL_FL,CIL,0
Deltaproteobacteria,2.203313592,CIL_FL,CIL,0.038721609
Deltaproteobacteria,7.015518405,CIL_FL,CIL,0.047424087
Deltaproteobacteria,0.347852163,CIL_FL,CIL,0
Deltaproteobacteria,1.879451233,CIL_FL,CIL,0
Deltaproteobacteria,3.857110728,CIL_FL,CIL,0
Deltaproteobacteria,0.053227378,Sur_PA,Surface,0
Deltaproteobacteria,1.224229702,Sur_PA,Surface,0
Deltaproteobacteria,2.490441562,Sur_PA,Surface,0.201203367
Deltaproteobacteria,2.231801484,Sur_PA,Surface,0.027380303
Deltaproteobacteria,2.674113502,Sur_PA,Surface,0
Deltaproteobacteria,2.834545318,Sur_PA,Surface,0.098721112
Deltaproteobacteria,4.624784467,Sur_PA,Surface,0
Deltaproteobacteria,1.796986281,Sur_PA,Surface,0
Deltaproteobacteria,2.055626359,Sur_PA,Surface,0.098721112
Deltaproteobacteria,1.499362771,Sur_FL,Surface,0
Deltaproteobacteria,0.162680861,Sur_FL,Surface,0
Deltaproteobacteria,0.051728016,Sur_FL,Surface,0
Deltaproteobacteria,0.659719619,Sur_FL,Surface,0
Deltaproteobacteria,0.771422146,Sur_FL,Surface,0
Deltaproteobacteria,0.273633706,Sur_FL,Surface,0
Deltaproteobacteria,1.431891446,Sur_FL,Surface,0
Deltaproteobacteria,1.394407377,Sur_FL,Surface,0
Deltaproteobacteria,0.672464203,Sur_FL,Surface,0.027380303
Epsilonproteobacteria,0.041232476,CIL_PA,CIL,2.492811466
Epsilonproteobacteria,0.424319664,CIL_PA,CIL,2.682432094
Epsilonproteobacteria,0.464052778,CIL_PA,CIL,2.78499616
Epsilonproteobacteria,0.436314566,CIL_PA,CIL,2.912884124
Epsilonproteobacteria,0.109453482,CIL_PA,CIL,3.456540502
Epsilonproteobacteria,0.104955394,CIL_PA,CIL,3.737286969
Epsilonproteobacteria,0.206162381,CIL_PA,CIL,3.091914783
Epsilonproteobacteria,0.312617138,CIL_PA,CIL,3.252730144
Epsilonproteobacteria,0.136442012,CIL_PA,CIL,3.411349315
Epsilonproteobacteria,0.208411425,CIL_FL,CIL,3.127713605
Epsilonproteobacteria,0.115450933,CIL_FL,CIL,3.325439839
Epsilonproteobacteria,0.280380838,CIL_FL,CIL,2.485884885
Epsilonproteobacteria,0.111702526,CIL_FL,CIL,2.356616155
Epsilonproteobacteria,0.078716545,CIL_FL,CIL,3.424290664
Epsilonproteobacteria,0.101206987,CIL_FL,CIL,2.518393242
Epsilonproteobacteria,0.096708899,CIL_FL,CIL,1.552972961
Epsilonproteobacteria,0.04872929,CIL_FL,CIL,3.159787444
Epsilonproteobacteria,0.082464952,CIL_FL,CIL,3.136450086
Epsilonproteobacteria,0,Sur_PA,Surface,1.296740277
Epsilonproteobacteria,0,Sur_PA,Surface,3.260442002
Epsilonproteobacteria,0.009745858,Sur_PA,Surface,3.917968357
Epsilonproteobacteria,0.059224829,Sur_PA,Surface,2.737757201
Epsilonproteobacteria,0.023240123,Sur_PA,Surface,4.045435037
Epsilonproteobacteria,0.158182772,Sur_PA,Surface,2.742408368
Epsilonproteobacteria,0.004498088,Sur_PA,Surface,4.673779649
Epsilonproteobacteria,0.278131794,Sur_PA,Surface,2.645142032
Epsilonproteobacteria,0.095209536,Sur_PA,Surface,3.251462271
Epsilonproteobacteria,0.050228653,Sur_FL,Surface,2.811119258
Epsilonproteobacteria,0.002249044,Sur_FL,Surface,1.84527853
Epsilonproteobacteria,0.020991079,Sur_FL,Surface,1.71143366
Epsilonproteobacteria,0.013494265,Sur_FL,Surface,2.404328007
Epsilonproteobacteria,0.037484069,Sur_FL,Surface,1.929680658
Epsilonproteobacteria,0.01649299,Sur_FL,Surface,1.862867449
Epsilonproteobacteria,0.121448384,Sur_FL,Surface,2.556799108
Epsilonproteobacteria,0.009745858,Sur_FL,Surface,2.439000163
Epsilonproteobacteria,0.014993628,Sur_FL,Surface,1.895184297
Gammaproteobacteria,28.70455057,CIL_PA,CIL,0
Gammaproteobacteria,33.13066947,CIL_PA,CIL,0.027380303
Gammaproteobacteria,30.94834695,CIL_PA,CIL,0
Gammaproteobacteria,31.29020166,CIL_PA,CIL,0.106043482
Gammaproteobacteria,32.66586701,CIL_PA,CIL,0.164281861
Gammaproteobacteria,28.25474173,CIL_PA,CIL,0.181620431
Gammaproteobacteria,18.70230152,CIL_PA,CIL,0.203057814
Gammaproteobacteria,23.05195292,CIL_PA,CIL,0.086584144
Gammaproteobacteria,26.22385486,CIL_PA,CIL,0.136901552
Gammaproteobacteria,23.79263813,CIL_FL,CIL,0.177444687
Gammaproteobacteria,30.33885599,CIL_FL,CIL,0
Gammaproteobacteria,28.19101882,CIL_FL,CIL,0
Gammaproteobacteria,34.00779669,CIL_FL,CIL,0.047424087
Gammaproteobacteria,22.0338856,CIL_FL,CIL,0
Gammaproteobacteria,23.55723817,CIL_FL,CIL,0.072441494
Gammaproteobacteria,14.69075643,CIL_FL,CIL,0.038721609
Gammaproteobacteria,29.53369818,CIL_FL,CIL,0.027380303
Gammaproteobacteria,22.71384662,CIL_FL,CIL,0
Gammaproteobacteria,13.27235925,Sur_PA,Surface,0
Gammaproteobacteria,12.51743009,Sur_PA,Surface,0
Gammaproteobacteria,8.541869705,Sur_PA,Surface,0
Gammaproteobacteria,5.80628233,Sur_PA,Surface,0
Gammaproteobacteria,6.534972637,Sur_PA,Surface,0
Gammaproteobacteria,14.14273934,Sur_PA,Surface,0
Gammaproteobacteria,6.214109004,Sur_PA,Surface,0
Gammaproteobacteria,12.42746833,Sur_PA,Surface,0.181620431
Gammaproteobacteria,12.49643901,Sur_PA,Surface,0.210312154
Gammaproteobacteria,13.05795037,Sur_FL,Surface,0.175319528
Gammaproteobacteria,13.77689482,Sur_FL,Surface,0
Gammaproteobacteria,10.96184122,Sur_FL,Surface,0
Gammaproteobacteria,12.22055626,Sur_FL,Surface,0
Gammaproteobacteria,11.98890472,Sur_FL,Surface,0
Gammaproteobacteria,13.82337507,Sur_FL,Surface,0
Gammaproteobacteria,33.62246045,Sur_FL,Surface,0
Gammaproteobacteria,11.39290801,Sur_FL,Surface,0.038721609
Gammaproteobacteria,10.95134568,Sur_FL,Surface,0
TM6,0,CIL_PA,CIL,
TM6,0,CIL_PA,CIL,
TM6,0.000749681,CIL_PA,CIL,
TM6,0,CIL_PA,CIL,
TM6,0.019491716,CIL_PA,CIL,
TM6,0.030736937,CIL_PA,CIL,
TM6,0.011245221,CIL_PA,CIL,
TM6,0.003748407,CIL_PA,CIL,
TM6,0,CIL_PA,CIL,
TM6,0.013494265,CIL_FL,CIL,
TM6,0,CIL_FL,CIL,
TM6,0,CIL_FL,CIL,
TM6,0,CIL_FL,CIL,
TM6,0,CIL_FL,CIL,
TM6,0,CIL_FL,CIL,
TM6,0.002249044,CIL_FL,CIL,
TM6,0,CIL_FL,CIL,
TM6,0,CIL_FL,CIL,
TM6,0,Sur_PA,Surface,
TM6,0,Sur_PA,Surface,
TM6,0,Sur_PA,Surface,
TM6,0,Sur_PA,Surface,
TM6,0.117699978,Sur_PA,Surface,
TM6,0,Sur_PA,Surface,
TM6,0.020241397,Sur_PA,Surface,
TM6,0.058475148,Sur_PA,Surface,
TM6,0.011994902,Sur_PA,Surface,
TM6,0,Sur_FL,Surface,
TM6,0,Sur_FL,Surface,
TM6,0,Sur_FL,Surface,
TM6,0.008246495,Sur_FL,Surface,
TM6,0.007496814,Sur_FL,Surface,
TM6,0.029237574,Sur_FL,Surface,
TM6,0,Sur_FL,Surface,
TM6,0.004498088,Sur_FL,Surface,
TM6,0,Sur_FL,Surface,
Tenericutes,0,CIL_PA,CIL,
Tenericutes,0,CIL_PA,CIL,
Tenericutes,0.002249044,CIL_PA,CIL,
Tenericutes,0.00524777,CIL_PA,CIL,
Tenericutes,0,CIL_PA,CIL,
Tenericutes,0,CIL_PA,CIL,
Tenericutes,0.008246495,CIL_PA,CIL,
Tenericutes,0.002998726,CIL_PA,CIL,
Tenericutes,0.007496814,CIL_PA,CIL,
Tenericutes,0.011994902,CIL_FL,CIL,
Tenericutes,0.002249044,CIL_FL,CIL,
Tenericutes,0,CIL_FL,CIL,
Tenericutes,0,CIL_FL,CIL,
Tenericutes,0.001499363,CIL_FL,CIL,
Tenericutes,0.002249044,CIL_FL,CIL,
Tenericutes,0,CIL_FL,CIL,
Tenericutes,0,CIL_FL,CIL,
Tenericutes,0,CIL_FL,CIL,
Tenericutes,0,Sur_PA,Surface,
Tenericutes,0,Sur_PA,Surface,
Tenericutes,0.040482795,Sur_PA,Surface,
Tenericutes,0.000749681,Sur_PA,Surface,
Tenericutes,0,Sur_PA,Surface,
Tenericutes,0.009745858,Sur_PA,Surface,
Tenericutes,0,Sur_PA,Surface,
Tenericutes,0,Sur_PA,Surface,
Tenericutes,0.009745858,Sur_PA,Surface,
Tenericutes,0,Sur_FL,Surface,
Tenericutes,0,Sur_FL,Surface,
Tenericutes,0,Sur_FL,Surface,
Tenericutes,0,Sur_FL,Surface,
Tenericutes,0,Sur_FL,Surface,
Tenericutes,0,Sur_FL,Surface,
Tenericutes,0,Sur_FL,Surface,
Tenericutes,0,Sur_FL,Surface,
Tenericutes,0.000749681,Sur_FL,Surface,
Verrucomicrobia,6.214109004,CIL_PA,CIL,
Verrucomicrobia,7.195441937,CIL_PA,CIL,
Verrucomicrobia,7.756203613,CIL_PA,CIL,
Verrucomicrobia,8.48489392,CIL_PA,CIL,
Verrucomicrobia,11.94767224,CIL_PA,CIL,
Verrucomicrobia,13.96731389,CIL_PA,CIL,
Verrucomicrobia,9.559937027,CIL_PA,CIL,
Verrucomicrobia,10.58025339,CIL_PA,CIL,
Verrucomicrobia,11.63730415,CIL_PA,CIL,
Verrucomicrobia,9.782592398,CIL_FL,CIL,
Verrucomicrobia,11.05855012,CIL_FL,CIL,
Verrucomicrobia,6.17962366,CIL_FL,CIL,
Verrucomicrobia,5.553639703,CIL_FL,CIL,
Verrucomicrobia,11.72576655,CIL_FL,CIL,
Verrucomicrobia,6.342304521,CIL_FL,CIL,
Verrucomicrobia,2.411725017,CIL_FL,CIL,
Verrucomicrobia,9.984256691,CIL_FL,CIL,
Verrucomicrobia,9.837319139,CIL_FL,CIL,
Verrucomicrobia,1.681535347,Sur_PA,Surface,
Verrucomicrobia,10.63048205,Sur_PA,Surface,
Verrucomicrobia,15.35047605,Sur_PA,Surface,
Verrucomicrobia,7.495314491,Sur_PA,Surface,
Verrucomicrobia,16.36554464,Sur_PA,Surface,
Verrucomicrobia,7.520803658,Sur_PA,Surface,
Verrucomicrobia,21.84421621,Sur_PA,Surface,
Verrucomicrobia,6.99677637,Sur_PA,Surface,
Verrucomicrobia,10.5720069,Sur_PA,Surface,
Verrucomicrobia,7.902391484,Sur_FL,Surface,
Verrucomicrobia,3.405052853,Sur_FL,Surface,
Verrucomicrobia,2.929005173,Sur_FL,Surface,
Verrucomicrobia,5.780793163,Sur_FL,Surface,
Verrucomicrobia,3.723667441,Sur_FL,Surface,
Verrucomicrobia,3.470275133,Sur_FL,Surface,
Verrucomicrobia,6.537221681,Sur_FL,Surface,
Verrucomicrobia,5.948721793,Sur_FL,Surface,
Verrucomicrobia,3.591723518,Sur_FL,Surface,
Other,0,CIL_PA,CIL,
Other,0.000749681,CIL_PA,CIL,
Other,0,CIL_PA,CIL,
Other,0.01124522,CIL_PA,CIL,
Other,0.02698853,CIL_PA,CIL,
Other,0.032985981,CIL_PA,CIL,
Other,0.041232476,CIL_PA,CIL,
Other,0.007496814,CIL_PA,CIL,
Other,0.018742035,CIL_PA,CIL,
Other,0.031486617,CIL_FL,CIL,
Other,0,CIL_FL,CIL,
Other,0,CIL_FL,CIL,
Other,0.002249044,CIL_FL,CIL,
Other,0,CIL_FL,CIL,
Other,0.00524777,CIL_FL,CIL,
Other,0.001499363,CIL_FL,CIL,
Other,0.000749681,CIL_FL,CIL,
Other,0,CIL_FL,CIL,
Other,0,Sur_PA,Surface,
Other,0,Sur_PA,Surface,
Other,0,Sur_PA,Surface,
Other,0,Sur_PA,Surface,
Other,0,Sur_PA,Surface,
Other,0,Sur_PA,Surface,
Other,0,Sur_PA,Surface,
Other,0.032985981,Sur_PA,Surface,
Other,0.044231202,Sur_PA,Surface,
Other,0.030736937,Sur_FL,Surface,
Other,0,Sur_FL,Surface,
Other,0,Sur_FL,Surface,
Other,0,Sur_FL,Surface,
Other,0,Sur_FL,Surface,
Other,0,Sur_FL,Surface,
Other,0,Sur_FL,Surface,
Other,0.001499363,Sur_FL,Surface,
Other,0,Sur_FL,Surface,